Job,Company,Location,Link

Senior Site Reliability Engineer,Relay Financial,ğŸ‡¨ğŸ‡¦ Canada,https://remoteok.com//remote-jobs/remote-senior-site-reliability-engineer-relay-financial-566588

Solutions Architect,Acryl Data,ğŸŒ Probably worldwide,https://remoteok.com//remote-jobs/remote-solutions-architect-acryl-data-566463

Senior Hardware Software Integration Engineer,Zoox,Foster City  CA,https://remoteok.com//remote-jobs/remote-senior-hardware-software-integration-engineer-zoox-565420

Software Engineer Connector Operations,Airbyte,ğŸŒ Probably worldwide,https://remoteok.com//remote-jobs/remote-software-engineer-connector-operations-airbyte-565292

Full Stack Web Developer,Vida Health,ğŸ’° $58k - $110k*,https://remoteok.com//remote-jobs/remote-full-stack-web-developer-vida-health-564670

Health Data Analyst,Nuna,ğŸ‡ºğŸ‡¸ United States,https://remoteok.com//remote-jobs/remote-health-data-analyst-nuna-563865

Machine Learning Engineer Intern,AppLovin,ğŸ‡ºğŸ‡¸ United States,https://remoteok.com//remote-jobs/remote-machine-learning-engineer-intern-applovin-562014

Senior Unreal Engine Developer,Proxify,ğŸŒ Worldwide,https://remoteok.com//remote-jobs/remote-senior-unreal-engine-developer-proxify-382258

Backend Engineer CET + 3 hrs,Meshcapade,TÃ¼bingen,https://remoteok.com//remote-jobs/remote-backend-engineer-cet-3-hrs-meshcapade-559216

Forward Deployed Engineer Firmware Specialist,Luxor Technology,Remote Worldwide,https://remoteok.com//remote-jobs/remote-forward-deployed-engineer-firmware-specialist-luxor-technology-558626

MLOps Engineer,Clarifai,ğŸ‡®ğŸ‡³ India,https://remoteok.com//remote-jobs/remote-mlops-engineer-clarifai-553514

LATAM Risk Specialist,Wise,ğŸ‡§ğŸ‡· Brazil,https://remoteok.com//remote-jobs/remote-latam-risk-specialist-wise-553450

Engineer III Test Enablement,Fanatics,ğŸ‡ºğŸ‡¸ United States,https://remoteok.com//remote-jobs/remote-engineer-iii-test-enablement-fanatics-544888

Principle Data Scientist AI ML,Zscaler,ğŸ‡¬ğŸ‡§ United Kingdom,https://remoteok.com//remote-jobs/remote-principle-data-scientist-ai-ml-zscaler-543120

AI Product Support Engineer,Defense Unicorns,ğŸŒ Probably worldwide,https://remoteok.com//remote-jobs/remote-ai-product-support-engineer-defense-unicorns-542239

Data Engineer,Messari,ğŸŒ Probably worldwide,https://remoteok.com//remote-jobs/remote-data-engineer-messari-541935

Senior Fullstack Engineer,Cryptoticker,Worldwide,https://remoteok.com//remote-jobs/remote-senior-fullstack-engineer-cryptoticker-542573

Data Analyst,Luxury Presence,ğŸ‡¨ğŸ‡¦ Canada,https://remoteok.com//remote-jobs/remote-data-analyst-luxury-presence-540584

Director of Data Engineering Battery Storage,Plus Power,ğŸ‡ºğŸ‡¸ United States,https://remoteok.com//remote-jobs/remote-director-of-data-engineering-battery-storage-plus-power-538576

Staff Developer Relations Engineer,Chainguard,ğŸŒ Probably worldwide,https://remoteok.com//remote-jobs/remote-staff-developer-relations-engineer-chainguard-537067

Full-stack Python Developer ,Lemon.io,Latin America Only/Europe Only/UK Only/Canada Only,https://weworkremotely.com//remote-jobs/lemon-io-full-stack-python-developer-3

Senior Open Source Developer & DevOps (Python  Django  React  AWS/OpenStack),OpenCraft,Anywhere in the World,https://weworkremotely.com//remote-jobs/opencraft-senior-open-source-developer-devops-python-django-react-aws-openstack

Senior/Staff Software Engineer - Backend/Python - USA (100% Remote),Close,USA Only,https://weworkremotely.com//remote-jobs/close-senior-staff-software-engineer-backend-python-usa-100-remote-1

Lead Software Engineer - Python,Datapeople,Anywhere in the World,https://weworkremotely.com//remote-jobs/datapeople-lead-software-engineer-python
